scooter__company,trips_per_scooter
GoTrax,23.713636363636365
Segway-Ninebot,23.585223116313095
Skip,23.121348314606742
Spin,23.450643776824034
Unagi,24.006437768240342
Xiaomi,23.8007722007722
